{
  "0": {
    "mean_mu": [
      0.00046252727042883635,
      0.5884221196174622,
      -0.44370153546333313,
      -0.007062663324177265,
      -0.650023877620697,
      -0.057087987661361694,
      -0.11963830888271332,
      0.27203255891799927,
      0.022232981398701668,
      0.04629833251237869,
      -0.4474572539329529,
      -0.26119235157966614,
      -1.5974518060684204,
      -0.10573231428861618,
      -0.5219457149505615,
      -0.23391419649124146,
      0.43945109844207764,
      -0.3063631057739258,
      0.4001754820346832,
      -0.337720662355423
    ],
    "mean_std": [
      0.4800202250480652,
      0.2923421263694763,
      0.10926420241594315,
      0.5713284015655518,
      0.27720898389816284,
      0.3456805944442749,
      0.30023902654647827,
      0.1877143234014511,
      0.49311205744743347,
      0.4179932177066803,
      0.15571032464504242,
      0.39503082633018494,
      0.11173674464225769,
      0.21511369943618774,
      0.42874208092689514,
      0.13451887667179108,
      0.148855522274971,
      0.24434161186218262,
      0.15435795485973358,
      0.35315585136413574
    ],
    "samples": 1297
  },
  "1": {
    "mean_mu": [
      -0.11481684446334839,
      0.026720276102423668,
      0.624286413192749,
      0.18646375834941864,
      -0.26196879148483276,
      -0.11827722191810608,
      0.19561706483364105,
      -0.13722984492778778,
      -0.07758008688688278,
      -0.2379697561264038,
      0.8507932424545288,
      -0.17035889625549316,
      1.0606586933135986,
      0.2132379412651062,
      0.16108912229537964,
      1.2804713249206543,
      0.014939450658857822,
      -0.22568486630916595,
      -0.5584326386451721,
      0.1519419401884079
    ],
    "mean_std": [
      0.7194638848304749,
      0.6539033651351929,
      0.263582319021225,
      0.7794631719589233,
      0.43401363492012024,
      0.6768969297409058,
      0.45063331723213196,
      0.29173076152801514,
      0.769848644733429,
      0.693092405796051,
      0.1918618530035019,
      0.7353209257125854,
      0.24853768944740295,
      0.3908613920211792,
      0.7006300687789917,
      0.1711595058441162,
      0.30922845005989075,
      0.5230069160461426,
      0.19745522737503052,
      0.4662435054779053
    ],
    "samples": 1457
  },
  "2": {
    "mean_mu": [
      0.09208665043115616,
      0.2881203889846802,
      -0.6027092337608337,
      -0.1269487887620926,
      -0.10136334598064423,
      -0.4359815716743469,
      -0.04743514209985733,
      0.042863186448812485,
      -0.20272663235664368,
      0.15790194272994995,
      0.9048022627830505,
      0.24983586370944977,
      -0.2588053345680237,
      -0.36495375633239746,
      -0.04450017586350441,
      0.23442311584949493,
      -1.0901310443878174,
      0.2884557247161865,
      0.7983829975128174,
      -0.4029090404510498
    ],
    "mean_std": [
      0.3925773501396179,
      0.30638638138771057,
      0.10581440478563309,
      0.4798040986061096,
      0.29647091031074524,
      0.361355721950531,
      0.2594485282897949,
      0.18818867206573486,
      0.4431827962398529,
      0.37845882773399353,
      0.13928958773612976,
      0.3753680884838104,
      0.11203280091285706,
      0.21642819046974182,
      0.38549813628196716,
      0.13025182485580444,
      0.15826934576034546,
      0.2846153676509857,
      0.1522762030363083,
      0.2880389988422394
    ],
    "samples": 1261
  },
  "3": {
    "mean_mu": [
      0.029761500656604767,
      -0.33298537135124207,
      -0.6359242796897888,
      -0.21385522186756134,
      -0.0023696564603596926,
      -0.3964940011501312,
      0.767265796661377,
      0.5928869247436523,
      -0.22369085252285004,
      0.03503529354929924,
      0.5862036347389221,
      0.0726710706949234,
      -0.03863807022571564,
      -0.7286649346351624,
      -0.14164291322231293,
      0.0165547002106905,
      1.031159520149231,
      0.5202332735061646,
      0.3928471505641937,
      0.01933172158896923
    ],
    "mean_std": [
      0.4073861837387085,
      0.33813348412513733,
      0.11111865937709808,
      0.5304744243621826,
      0.29578691720962524,
      0.3674386143684387,
      0.27636322379112244,
      0.2089855819940567,
      0.4722486138343811,
      0.3952816128730774,
      0.1396859586238861,
      0.3508125841617584,
      0.12103156000375748,
      0.22023087739944458,
      0.39030343294143677,
      0.13452062010765076,
      0.1691177487373352,
      0.2878964841365814,
      0.14891526103019714,
      0.3023146986961365
    ],
    "samples": 1336
  },
  "4": {
    "mean_mu": [
      -0.449928343296051,
      -0.3618500232696533,
      0.4299405813217163,
      -0.21563562750816345,
      0.11701103299856186,
      -0.4811908006668091,
      0.6846883893013,
      -0.17996954917907715,
      0.27177879214286804,
      -0.6128399968147278,
      -0.7117102742195129,
      -0.12008392065763474,
      0.1795780062675476,
      0.007597861811518669,
      0.07803843915462494,
      -0.730444610118866,
      -0.7778539657592773,
      -0.48682674765586853,
      0.29466181993484497,
      0.44679561257362366
    ],
    "mean_std": [
      0.4013698697090149,
      0.3093864321708679,
      0.12432611733675003,
      0.5254167914390564,
      0.2975767254829407,
      0.4111271798610687,
      0.2759256064891815,
      0.20774014294147491,
      0.5145599246025085,
      0.457492470741272,
      0.16088350117206573,
      0.40641865134239197,
      0.13228963315486908,
      0.2691490948200226,
      0.5262718796730042,
      0.14078445732593536,
      0.20562978088855743,
      0.29094356298446655,
      0.1641579270362854,
      0.32343539595603943
    ],
    "samples": 1276
  },
  "5": {
    "mean_mu": [
      -0.12666630744934082,
      -0.6251577734947205,
      0.1915104240179062,
      -0.18884001672267914,
      0.6117605566978455,
      0.09296586364507675,
      0.07807879149913788,
      -0.46268293261528015,
      0.3152199387550354,
      -0.15854640305042267,
      -0.052414823323488235,
      0.30082225799560547,
      -0.5047653317451477,
      0.07819441705942154,
      -0.18918795883655548,
      0.048333168029785156,
      0.9661914110183716,
      0.5094342231750488,
      0.1883423626422882,
      -0.34321293234825134
    ],
    "mean_std": [
      0.45600926876068115,
      0.3281867206096649,
      0.12888574600219727,
      0.5513445138931274,
      0.2917703688144684,
      0.3731495440006256,
      0.2915727198123932,
      0.20923557877540588,
      0.47684454917907715,
      0.39585667848587036,
      0.14525143802165985,
      0.33380067348480225,
      0.1281246393918991,
      0.23800262808799744,
      0.37212827801704407,
      0.13941925764083862,
      0.1727931946516037,
      0.2778201699256897,
      0.16045524179935455,
      0.3164907693862915
    ],
    "samples": 1130
  },
  "6": {
    "mean_mu": [
      -0.027049852535128593,
      -0.1331886351108551,
      -0.021394627168774605,
      0.1008882075548172,
      0.18301287293434143,
      0.4448741376399994,
      -0.2195872962474823,
      0.3001943528652191,
      0.18084201216697693,
      -0.24329005181789398,
      -0.9484790563583374,
      0.2792140245437622,
      -0.47017231583595276,
      0.04170530289411545,
      0.3073238730430603,
      1.3063297271728516,
      -0.6554647088050842,
      -0.2848685383796692,
      0.49755215644836426,
      0.23758850991725922
    ],